id;suffixe;nom;prenom;date_naissance;adresse_contact;ville;email;type_bac;mention;cin_pass;pays_nationalite;pays_residence;codepostal;province;tel;photo;photo_content_type;extrait_acte_naissance;extrait_acte_naissance_content_type;bacalaureat;bacalaureat_content_type;cin_passport;cin_passport_content_type;diplome;diplome_content_type;inscriptionvalide;absent
1;SDD Zimbabwe;Bedfordshire;application scale;2020-10-01T03:09:42;solid state;turquoise orchid;Gay_Kovacek58@gmail.com;Sciences_De_La_Vie_Et_De_La_Terre;Assez_bien;Borders hack;Pants;Tasty navigate didactic;payment schemas Industrial;calculating;86699;../data/blob/hipster.png;image/png;../data/blob/hipster.png;image/png;../data/blob/hipster.png;image/png;../data/blob/hipster.png;image/png;../data/blob/hipster.png;image/png;true;false
2;Cyprus;Distributed;Avon Checking Account impactful;2020-09-30T23:44:17;THX;Re-contextualized Licensed;Yasmin_Reichert@gmail.com;Techniques_De_Gestion_Et_Comptabilite;Tres_bien;Senior;deposit;fuchsia Music Salad;withdrawal circuit;generating frictionless solution-oriented;37969;../data/blob/hipster.png;image/png;../data/blob/hipster.png;image/png;../data/blob/hipster.png;image/png;../data/blob/hipster.png;image/png;../data/blob/hipster.png;image/png;false;true
3;solution-oriented;best-of-breed generate;applications context-sensitive;2020-09-30T14:38:31;transmit Wooden COM;Agent Squares;Hermann51@gmail.com;Sciences_Economiques;Passable;methodologies Granite Corporate;needs-based Sports Global;generating;actuating India;Buckinghamshire microchip;10657;../data/blob/hipster.png;image/png;../data/blob/hipster.png;image/png;../data/blob/hipster.png;image/png;../data/blob/hipster.png;image/png;../data/blob/hipster.png;image/png;false;false
4;tertiary;USB;Phased payment;2020-10-01T01:32:32;Virginia;niches drive Ireland;Fidel_Cummerata18@gmail.com;Sciences_Economiques;Assez_bien;International card;West Virginia Keys;Factors Soft;black Beauty;Soap;84152;../data/blob/hipster.png;image/png;../data/blob/hipster.png;image/png;../data/blob/hipster.png;image/png;../data/blob/hipster.png;image/png;../data/blob/hipster.png;image/png;false;true
5;Communications Pants;connect Incredible;bricks-and-clicks;2020-10-01T03:29:51;feed Investment Account;Centralized bypassing;Abdiel.Powlowski0@hotmail.com;Sciences_Physiques_Et_Chimiques;Assez_bien;Cocos (Keeling) Islands Awesome;USB alarm 1080p;feed invoice;Triple-buffered Borders magenta;Tasty Metal Chair Handcrafted Rubber Sausages Officer;55580;../data/blob/hipster.png;image/png;../data/blob/hipster.png;image/png;../data/blob/hipster.png;image/png;../data/blob/hipster.png;image/png;../data/blob/hipster.png;image/png;true;false
6;algorithm Metal card;Direct;experiences online program;2020-10-01T12:05:15;Harbors South Georgia and the South Sandwich Islands deposit;Money Market Account Organic;Jayde_Blick53@gmail.com;Techniques_De_Gestion_Et_Comptabilite;Passable;withdrawal alarm Timor-Leste;Personal Loan Account Inverse;Track;Books CSS Holy See (Vatican City State);Data Tasty Steel Pants Licensed Steel Shirt;3759;../data/blob/hipster.png;image/png;../data/blob/hipster.png;image/png;../data/blob/hipster.png;image/png;../data/blob/hipster.png;image/png;../data/blob/hipster.png;image/png;false;false
7;Utah zero defect;bypass e-services;Russian Federation program;2020-10-01T13:19:27;Inlet;systematic;Micheal.Feeney@gmail.com;Techniques_De_Gestion_Et_Comptabilite;Bien;Data open-source Generic;Facilitator XSS;Underpass Personal Loan Account;parse;Intuitive;94273;../data/blob/hipster.png;image/png;../data/blob/hipster.png;image/png;../data/blob/hipster.png;image/png;../data/blob/hipster.png;image/png;../data/blob/hipster.png;image/png;true;true
8;Auto Loan Account;Concrete Intelligent Cotton Bike;lavender;2020-09-30T18:41:41;wireless Generic Frozen Bike EXE;Personal Loan Account Chile foreground;Nils_Kuhn15@yahoo.com;Sciences_Physiques_Et_Chimiques;Passable;Practical AI didactic;Tunnel;Configuration;Jewelery monitoring Infrastructure;Gorgeous ROI implement;25975;../data/blob/hipster.png;image/png;../data/blob/hipster.png;image/png;../data/blob/hipster.png;image/png;../data/blob/hipster.png;image/png;../data/blob/hipster.png;image/png;true;true
9;Borders;Integration;Bond Markets Units European Composite Unit (EURCO);2020-10-01T11:34:39;backing up Cambridgeshire Motorway;Internal Louisiana;Mariano_Littel@yahoo.com;Techniques_De_Gestion_Et_Comptabilite;Bien;Pizza Fish next-generation;UIC-Franc;Generic El Salvador Colon US Dollar purple;XSS RSS Outdoors;Music copying Reduced;90870;../data/blob/hipster.png;image/png;../data/blob/hipster.png;image/png;../data/blob/hipster.png;image/png;../data/blob/hipster.png;image/png;../data/blob/hipster.png;image/png;false;false
10;Tennessee generate Adaptive;asymmetric;website New York;2020-10-01T10:37:28;expedite;Solomon Islands;Brant76@hotmail.com;Sciences_Economiques;Assez_bien;Licensed Directives Baht;Paradigm;application;hard drive;proactive Checking Account;4574;../data/blob/hipster.png;image/png;../data/blob/hipster.png;image/png;../data/blob/hipster.png;image/png;../data/blob/hipster.png;image/png;../data/blob/hipster.png;image/png;true;true
