id;suffixe;nom;prenom;date_naissance;adresse_contact;ville;email;pj_bac;mention;cin_pass;pays_nationalite;pays_residence;codepostal;province;tel;photo;photo_content_type;extrait_acte_naissance;extrait_acte_naissance_content_type;bacalaureat;bacalaureat_content_type;cin_passport;cin_passport_content_type;diplome;diplome_content_type;inscriptionvalide;absent
1;contextually-based;synergies copying;ability Hat Iraq;2020-10-01T01:46:07;Bahamian Dollar;24/7;Cathryn51@hotmail.com;Sciences_De_La_Vie_Et_De_La_Terre;Assez_bien;capability zero tolerance Computers;Analyst paradigms;encompassing;deposit Canadian Dollar Lebanon;Designer Persistent;67213;../data/blob/hipster.png;image/png;../data/blob/hipster.png;image/png;../data/blob/hipster.png;image/png;../data/blob/hipster.png;image/png;../data/blob/hipster.png;image/png;false;true
2;Ergonomic transmitter;Point Orchestrator;Solomon Islands Licensed;2020-09-30T17:21:27;installation;Argentine Peso;Lance.Hane1@hotmail.com;Sciences_De_La_Vie_Et_De_La_Terre;Passable;synthesize Creative;Forint;Concrete Global SMS;Profound;parsing;55520;../data/blob/hipster.png;image/png;../data/blob/hipster.png;image/png;../data/blob/hipster.png;image/png;../data/blob/hipster.png;image/png;../data/blob/hipster.png;image/png;true;true
3;Vision-oriented;Agent;Human deposit;2020-10-01T05:16:04;cross-media;programming SCSI drive;Lucius93@hotmail.com;Sciences_De_La_Vie_Et_De_La_Terre;Passable;Supervisor clear-thinking;Latvia;Ports Manager Fish;Networked;Fish;36646;../data/blob/hipster.png;image/png;../data/blob/hipster.png;image/png;../data/blob/hipster.png;image/png;../data/blob/hipster.png;image/png;../data/blob/hipster.png;image/png;true;true
4;alarm local area network Benin;turn-key dedicated;Wisconsin;2020-09-30T13:54:41;Cambridgeshire Investor;cross-platform Borders;Marcella.Kulas23@yahoo.com;Sciences_Physiques_Et_Chimiques;Assez_bien;Villages uniform PCI;Automotive Tactics architectures;Wisconsin Facilitator Incredible;reinvent;eco-centric Bedfordshire mesh;39469;../data/blob/hipster.png;image/png;../data/blob/hipster.png;image/png;../data/blob/hipster.png;image/png;../data/blob/hipster.png;image/png;../data/blob/hipster.png;image/png;true;true
5;Intranet Ergonomic Concrete Soap Zambian Kwacha;Concrete Bedfordshire;portal calculating Metal;2020-09-30T20:23:27;France protocol;open-source HDD;Arnaldo50@hotmail.com;Sciences_Economiques;Tres_bien;Practical North Dakota;implementation;Wallis and Futuna;generating;Computers Small Fresh Gloves back-end;12706;../data/blob/hipster.png;image/png;../data/blob/hipster.png;image/png;../data/blob/hipster.png;image/png;../data/blob/hipster.png;image/png;../data/blob/hipster.png;image/png;false;true
6;compress lavender Investment Account;backing up;Iran;2020-10-01T00:25:46;deposit panel Strategist;card Licensed Cotton Ball;Ibrahim25@yahoo.com;Sciences_Economiques;Passable;Som Rustic Frozen Keyboard ROI;Benin;Tuna Response invoice;alarm Jamaica;system Gorgeous Rubber Pants;15864;../data/blob/hipster.png;image/png;../data/blob/hipster.png;image/png;../data/blob/hipster.png;image/png;../data/blob/hipster.png;image/png;../data/blob/hipster.png;image/png;true;false
7;leading-edge;Ergonomic Steel Gloves;Developer Shoes Music;2020-09-30T19:05:02;online e-business;systems integrate;Ursula.Nicolas26@yahoo.com;Sciences_De_La_Vie_Et_De_La_Terre;Passable;Checking Account;invoice Outdoors New York;multi-byte Jamaican Dollar North Carolina;Station;parsing Investment Account;82042;../data/blob/hipster.png;image/png;../data/blob/hipster.png;image/png;../data/blob/hipster.png;image/png;../data/blob/hipster.png;image/png;../data/blob/hipster.png;image/png;true;true
8;teal analyzing yellow;Books Generic;robust withdrawal generate;2020-09-30T21:02:46;wireless;hybrid;Matilda_Predovic@gmail.com;Sciences_Economiques;Passable;quantify multi-byte;interface Cotton Robust;user-centric Infrastructure;Managed Dobra application;Fantastic;90255;../data/blob/hipster.png;image/png;../data/blob/hipster.png;image/png;../data/blob/hipster.png;image/png;../data/blob/hipster.png;image/png;../data/blob/hipster.png;image/png;true;true
9;navigating encoding;Fantastic Small Frozen Salad bypassing;time-frame Quality;2020-09-30T14:35:25;Missouri deposit;Gorgeous Money Market Account;Margaretta_Effertz79@yahoo.com;Sciences_De_La_Vie_Et_De_La_Terre;Passable;mindshare;Guam bandwidth Liaison;program Auto Loan Account Refined;infomediaries;Fantastic Fresh Salad;70624;../data/blob/hipster.png;image/png;../data/blob/hipster.png;image/png;../data/blob/hipster.png;image/png;../data/blob/hipster.png;image/png;../data/blob/hipster.png;image/png;false;false
10;Intelligent Planner;PCI SAS;Interactions;2020-09-30T13:44:27;navigate repurpose;Buckinghamshire;Keaton.Purdy@yahoo.com;Sciences_Economiques;Bien;quantifying;synthesize Idaho Markets;Glen Refined;Mandatory Assistant;Strategist;55600;../data/blob/hipster.png;image/png;../data/blob/hipster.png;image/png;../data/blob/hipster.png;image/png;../data/blob/hipster.png;image/png;../data/blob/hipster.png;image/png;false;false
