id;suffixe;nom;prenom;date_naissance;adresse_contact;ville;email;pj_bac;mention;cin_pass;pays_nationalite;pays_residence;codepostal;province;tel;photo;photo_content_type;extrait_acte_naissance;extrait_acte_naissance_content_type;bacalaureat;bacalaureat_content_type;cin_passport;cin_passport_content_type;inscriptionvalide;absent
1;Sleek Frozen Chips Senior Optional;Associate Central African Republic Savings Account;heuristic Orchestrator Naira;2020-10-01T04:11:02;protocol Product Usability;Regional;Benny.Mosciski@yahoo.com;Sciences_Economiques;Bien;Fantastic;zero defect Ridges Beauty;groupware;Credit Card Account clear-thinking Frozen;parsing;94979;../data/blob/hipster.png;image/png;../data/blob/hipster.png;image/png;../data/blob/hipster.png;image/png;../data/blob/hipster.png;image/png;false;true
2;Personal Loan Account markets;SCSI Aruba Chair;drive online;2020-09-30T13:42:37;Shirt Credit Card Account disintermediate;transmitting Tennessee Practical Steel Shirt;Dorian7@gmail.com;Sciences_De_La_Vie_Et_De_La_Terre;Tres_bien;enhance Multi-channelled purple;Response;white SMTP;Checking Account global Steel;Borders Springs connecting;30777;../data/blob/hipster.png;image/png;../data/blob/hipster.png;image/png;../data/blob/hipster.png;image/png;../data/blob/hipster.png;image/png;true;true
3;Planner Refined;engage Granite Grocery;bluetooth payment digital;2020-09-30T15:43:45;Checking Account;seamless New York mesh;Aubrey.Turner54@yahoo.com;Sciences_Physiques_Et_Chimiques;Assez_bien;CFP Franc back-end Via;Buckinghamshire Business-focused Canyon;Investment Account frictionless orchid;Future-proofed Awesome;Creek;58476;../data/blob/hipster.png;image/png;../data/blob/hipster.png;image/png;../data/blob/hipster.png;image/png;../data/blob/hipster.png;image/png;false;false
4;Pakistan Rupee;Chicken;e-business RSS;2020-10-01T01:02:20;Officer Savings Account Automated;Pants even-keeled Chair;Katelyn.Cartwright@gmail.com;Sciences_Economiques;Passable;online;Bulgarian Lev Cambridgeshire;Regional;Home;primary quantify Chips;20934;../data/blob/hipster.png;image/png;../data/blob/hipster.png;image/png;../data/blob/hipster.png;image/png;../data/blob/hipster.png;image/png;true;false
5;Bedfordshire Auto Loan Account back-end;monitor Small Wooden Ball;feed;2020-09-30T15:55:11;Buckinghamshire Antarctica (the territory South of 60 deg S) Refined;back-end enhance;Domingo.Rippin@gmail.com;Sciences_Physiques_Et_Chimiques;Assez_bien;distributed Ranch impactful;Berkshire Awesome;pixel Pennsylvania;architectures Cotton;viral;89964;../data/blob/hipster.png;image/png;../data/blob/hipster.png;image/png;../data/blob/hipster.png;image/png;../data/blob/hipster.png;image/png;true;true
6;Grass-roots Cambridgeshire;Personal Loan Account;Music;2020-10-01T07:59:48;24/7;Pizza blue;Rachael89@gmail.com;Sciences_De_La_Vie_Et_De_La_Terre;Bien;TCP parsing Networked;feed;Assurance Nebraska Mississippi;synthesizing;silver;32367;../data/blob/hipster.png;image/png;../data/blob/hipster.png;image/png;../data/blob/hipster.png;image/png;../data/blob/hipster.png;image/png;true;false
7;Buckinghamshire;Bouvet Island (Bouvetoya);Auto Loan Account asymmetric Montana;2020-10-01T09:42:00;Haven Montenegro Fantastic Plastic Table;Bahamas;Yesenia68@yahoo.com;Techniques_De_Gestion_Et_Comptabilite;Bien;Investment Account cross-platform;Configuration;parse infrastructures Mobility;Implementation Shirt Unbranded Soft Fish;Refined Soft Keyboard synthesizing;75050;../data/blob/hipster.png;image/png;../data/blob/hipster.png;image/png;../data/blob/hipster.png;image/png;../data/blob/hipster.png;image/png;false;true
8;hacking;open-source;payment National;2020-10-01T05:48:57;Maryland Tanzanian Shilling Lights;e-enable Plaza intranet;Ibrahim.Kuvalis@hotmail.com;Sciences_Economiques;Assez_bien;Tactics Credit Card Account;Belize Dollar Bacon;Investment Account Rwanda Customer;Liaison copy program;hack Electronics Oklahoma;76245;../data/blob/hipster.png;image/png;../data/blob/hipster.png;image/png;../data/blob/hipster.png;image/png;../data/blob/hipster.png;image/png;false;true
9;scalable connecting Fantastic;Creek Investment Account Buckinghamshire;Shoes Intuitive;2020-09-30T20:04:14;driver payment Mexican Peso Mexican Unidad de Inversion (UDI);port Money Market Account;Cheyenne.Williamson58@hotmail.com;Sciences_De_La_Vie_Et_De_La_Terre;Assez_bien;Connecticut Avon Money Market Account;bus;Security Virginia;solid state Clothing deposit;Maine Checking Account markets;73644;../data/blob/hipster.png;image/png;../data/blob/hipster.png;image/png;../data/blob/hipster.png;image/png;../data/blob/hipster.png;image/png;false;true
10;Chief Coves Concrete;Pizza yellow programming;FTP;2020-10-01T00:57:09;New Mexico;streamline navigate;Providenci60@gmail.com;Sciences_Physiques_Et_Chimiques;Tres_bien;District Idaho Grocery;Concrete Towels Avon;Automotive frame;Indiana deposit Electronics;Bedfordshire Strategist;45898;../data/blob/hipster.png;image/png;../data/blob/hipster.png;image/png;../data/blob/hipster.png;image/png;../data/blob/hipster.png;image/png;false;true
